date,watched,reachable,tools,drift_changes
2026-09-01,27,,408,0
2026-09-03,36,,494,143
2026-09-04,36,36,494,0
2026-09-05,36,36,494,0
2026-09-06,36,36,494,0
2026-09-07,36,36,494,0
2026-09-08,36,36,494,9
2026-09-09,36,36,496,3
2026-09-10,36,36,496,5
2026-09-11,36,36,496,2
2026-09-12,36,36,496,0
2026-09-13,36,36,496,61
2026-09-14,36,36,496,1
2026-09-15,36,36,498,12
2026-09-16,36,36,499,4
2026-09-17,36,36,499,0
2026-09-18,36,36,499,4
2026-09-19,36,36,498,4
2026-09-20,36,36,498,0
2026-09-21,36,36,498,0
2026-09-22,36,36,500,32
2026-09-23,36,36,501,41
2026-09-24,36,36,501,3
2026-09-25,36,36,501,34
